smiles,label,dataset_type
OCC3OC(OCC2OC(OC(C#N)c1ccccc1)C(O)C(O)C2O)C(O)C(O)C3O ,-0.77,train
Cc1occc1C(=O)Nc2ccccc2,-3.3,train
CC(C)=CCCC(C)=CC(=O),-2.06,train
c1ccc2c(c1)ccc3c2ccc4c5ccccc5ccc43,-7.87,train
c1ccsc1,-1.33,train
c2ccc1scnc1c2 ,-1.5,train
Clc1cc(Cl)c(c(Cl)c1)c2c(Cl)cccc2Cl,-7.32,train
CC12CCC3C(CCc4cc(O)ccc34)C2CCC1O,-5.03,train
ClC4=C(Cl)C5(Cl)C3C1CC(C2OC12)C3C4(Cl)C5(Cl)Cl,-6.29,train
COc5cc4OCC3Oc2c1CC(Oc1ccc2C(=O)C3c4cc5OC)C(C)=C ,-4.42,train
O=C1CCCN1,1.07,train
Clc1ccc2ccccc2c1,-4.14,train
CCCC=C,-2.68,train
CCC1(C(=O)NCNC1=O)c2ccccc2,-2.64,train
CCCCCCCCCCCCCC,-7.96,train
CC(C)Cl,-1.41,train
CCC(C)CO,-0.47,train
N#Cc1ccccc1,-1,train
CCOP(=S)(OCC)Oc1cc(C)nc(n1)C(C)C,-3.64,train
CCCCCCCCCC(C)O,-2.94,train
Clc1ccc(c(Cl)c1)c2c(Cl)ccc(Cl)c2Cl ,-7.43,train
O=c2[nH]c1CCCc1c(=O)n2C3CCCCC3,-4.594,train
CCOP(=S)(OCC)SCSCC,-4.11,train
CCOc1ccc(NC(=O)C)cc1,-2.35,train
CCN(CC)c1c(cc(c(N)c1N(=O)=O)C(F)(F)F)N(=O)=O,-5.47,train
CCCCCCCO,-1.81,train
Cn1c(=O)n(C)c2nc[nH]c2c1=O,-1.39,train
CCCCC1(CC)C(=O)NC(=O)NC1=O,-1.661,train
ClC(Cl)=C(c1ccc(Cl)cc1)c2ccc(Cl)cc2,-6.9,train
CCCCCCCC(=O)OC,-3.17,train
CCc1ccc(CC)cc1,-3.75,train
CCOP(=S)(OCC)SCSC(C)(C)C,-4.755,train
COC(=O)Nc1cccc(OC(=O)Nc2cccc(C)c2)c1,-4.805,train
ClC(=C)Cl,-1.64,train
Cc1cccc2c1Cc3ccccc32,-5.22,train
CCCCC=O,-0.85,train
N(c1ccccc1)c2ccccc2,-3.504,train
CN(C)C(=O)SCCCCOc1ccccc1,-3.927,train
CCCOP(=S)(OCCC)SCC(=O)N1CCCCC1C,-4.15,train
CCCCCCCI,-4.81,train
c1c(Cl)cccc1c2ccccc2,-4.88,train
OCCCC=C,-0.15,train
O=C2NC(=O)C1(CCC1)C(=O)N2,-1.655,train
CC(C)C1CCC(C)CC1O ,-2.53,train
CC(C)OC=O,-0.63,train
CCCCCC(C)O,-1.55,train
CC(=O)Nc1ccc(Br)cc1,-3.083,train
c1ccccc1n2ncc(N)c(Br)c2(=O),-3.127,train
COC(=O)C1=C(C)NC(=C(C1c2ccccc2N(=O)=O)C(=O)OC)C ,-4.76,train
c2c(C)cc1nc(C)ccc1c2 ,-1.94,train
CCCCCCC#C,-3.66,train
CCC1(C(=O)NC(=O)NC1=O)C2=CCCCC2 ,-2.17,train
c1ccc2c(c1)ccc3c4ccccc4ccc23,-8.057,train
CCC(C)n1c(=O)[nH]c(C)c(Br)c1=O ,-2.523,train
Clc1cccc(c1Cl)c2c(Cl)c(Cl)cc(Cl)c2Cl ,-8.6,train
Cc1ccccc1O,-0.62,train
CC(C)CCC(C)(C)C,-5.05,train
Cc1ccc(C)c2ccccc12,-4.14,train
Cc1cc2c3ccccc3ccc2c4ccccc14,-6.57,train
CCCC(=O)C,-0.19,train
Clc1cc(Cl)c(Cl)c(c1Cl)c2c(Cl)c(Cl)cc(Cl)c2Cl ,-9.15,train
CCCOC(=O)CC,-0.82,train
CC34CC(O)C1(F)C(CCC2=CC(=O)C=CC12C)C3CC(O)C4(O)C(=O)CO,-3.68,train
Nc1ccc(O)cc1,-0.8,train
O=C(Cn1ccnc1N(=O)=O)NCc2ccccc2,-2.81,train
OC4=C(C1CCC(CC1)c2ccc(Cl)cc2)C(=O)c3ccccc3C4=O,-5.931,train
CCNc1nc(Cl)nc(n1)N(CC)CC,-4.06,train
NC(=O)c1cnccn1,-0.667,train
CCC(Br)(CC)C(=O)NC(N)=O,-2.68,train
Clc1ccccc1c2ccccc2Cl ,-5.27,train
O=C2CN(N=Cc1ccc(o1)N(=O)=O)C(=O)N2 ,-3.38,train
Clc2ccc(Oc1ccc(cc1)N(=O)=O)c(Cl)c2,-5.46,train
CC1(C)C2CCC1(C)C(=O)C2,-1.96,train
O=C1NC(=O)NC(=O)C1(CC=C)c1ccccc1,-2.369,train
CCCCC(=O)OCC,-2.25,train
CC(C)CCOC(=O)C,-1.92,train
O=C1N(COC(=O)CCCCC)C(=O)C(N1)(c2ccccc2)c3ccccc3,-5.886,train
Clc1cccc(c1)c2cc(Cl)ccc2Cl ,-6.01,train
CCCBr,-1.73,train
CCCC1COC(Cn2cncn2)(O1)c3ccc(Cl)cc3Cl,-3.493,train
COP(=S)(OC)SCC(=O)N(C)C=O,-1.995,train
Cc1ncnc2nccnc12,-0.466,train
NC(=S)N,0.32,train
Cc1ccc(C)cc1,-2.77,train
CCc1ccccc1CC,-3.28,train
ClC(Cl)(Cl)C(Cl)(Cl)Cl,-3.67,train
CC(C)C(C(=O)OC(C#N)c1cccc(Oc2ccccc2)c1)c3ccc(OC(F)F)cc3,-6.876,train
CCCN(=O)=O,-0.8,train
CC(C)C1CCC(C)CC1=O,-2.35,train
CCN2c1cc(Cl)ccc1NC(=O)c3cccnc23 ,-5.36,train
O=N(=O)c1c(Cl)c(Cl)ccc1,-3.48,train
CCCC(C)C1(CC=C)C(=O)NC(=S)NC1=O ,-3.46,train
c1ccc2c(c1)c3cccc4cccc2c34,-6,train
CCCOC(C)C,-1.34,train
Cc1cc(C)c2ccccc2c1,-4.29,train
CCC(=C(CC)c1ccc(O)cc1)c2ccc(O)cc2 ,-4.07,train
c1(C#N)c(Cl)c(C#N)c(Cl)c(Cl)c(Cl)1,-5.64,train
Clc1ccc(Cl)c(c1)c2ccc(Cl)c(Cl)c2,-7.25,train
C1OC1c2ccccc2 ,-1.6,train
CC(C)c1ccccc1,-3.27,train
CC12CCC3C(CCC4=CC(=O)CCC34C)C2CCC1C(=O)CO,-3.45,train
c2(Cl)c(Cl)c(Cl)c1nccnc1c2(Cl) ,-5.43,train
C1OC(O)C(O)C(O)C1O,0.39,train
ClCCl,-0.63,train
CCc1cccc2ccccc12,-4.17,train
COC=O,0.58,train
Oc1ccccc1N(=O)=O,-1.74,train
Cc1c[nH]c(=O)[nH]c1=O ,-1.506,train
CC(C)C,-2.55,train
OCC1OC(C(O)C1O)n2cnc3c(O)ncnc23,-1.23,train
Oc1c(I)cc(C#N)cc1I,-3.61,train
Oc1ccc(Cl)cc1C(=O)Nc2ccc(cc2Cl)N(=O)=O,-4.7,train
CCCCC,-3.18,train
c1ccccc1O,0,train
Nc3ccc2cc1ccccc1cc2c3 ,-5.17,train
Cn1cnc2n(C)c(=O)[nH]c(=O)c12 ,-2.523,train
c1ccc2cnccc2c1,-1.45,train
COP(=S)(OC)SCC(=O)N(C(C)C)c1ccc(Cl)cc1,-4.432,train
CCCCCCc1ccccc1,-5.21,train
Clc1ccccc1c2ccccc2,-4.54,train
CCCC(=C)C,-3.03,train
CC(C)C(C)C(C)C,-4.8,train
Clc1cc(Cl)c(Cl)c(Cl)c1Cl,-5.65,train
Oc1cccc(c1)N(=O)=O,-1.01,train
CCCCCCCCC=C,-5.51,train
CC(=O)OCC(COC(=O)C)OC(=O)C,-0.6,train
CCCCc1c(C)nc(nc1O)N(C)C ,-2.24,train
CC1(C)C(C=C(Cl)Cl)C1C(=O)OC(C#N)c2ccc(F)c(Oc3ccccc3)c2,-7.337,train
c1ccncc1,0.76,train
CCCCCCCBr,-4.43,train
Cc1ccncc1C,0.36,train
CC34CC(O)C1(F)C(CCC2=CC(=O)CCC12C)C3CCC4(O)C(=O)CO ,-3.43,train
CCSCc1ccccc1OC(=O)NC ,-2.09,train
CCOC(=O)CC(=O)OCC,-0.82,train
CC1=CCC(CC1)C(C)=C,-4.26,train
C1Cc2ccccc2C1,-3.04,train
CC(C)(C)c1ccc(O)cc1,-2.41,train
O=C2NC(=O)C1(CC1)C(=O)N2 ,-1.886,train
Clc1cccc(I)c1,-3.55,train
Brc1cccc2ccccc12,-4.35,train
CC/C=C/C,-2.54,train
Cc1cccc(C)n1,0.45,train
ClC=C(Cl)Cl,-1.96,train
Nc1cccc2ccccc12,-1.92,train
Cc1cccc(C)c1,-2.82,train
Oc2ncc1nccnc1n2,-1.947,train
CO,1.57,train
CCC1(CCC(C)C)C(=O)NC(=O)NC1=O,-2.468,train
CCC(=O)C,0.52,train
Fc1c[nH]c(=O)[nH]c1=O ,-1.077,train
Nc1ncnc2n(ccc12)C3OC(CO)C(O)C3O ,-1.95,train
Oc1cccc(O)c1,0.81,train
CCCCCCO,-1.24,train
CCCCCCl,-2.73,train
C=CC=C,-1.87,train
CCCOC(=O)C,-0.72,train
Oc2ccc1CCCCc1c2 ,-1.99,train
NC(=O)CCl ,-0.02,train
COP(=S)(OC)Oc1cc(Cl)c(I)cc1Cl,-6.62,train
Cc1ccc(Cl)cc1,-3.08,train
CSc1nnc(c(=O)n1N)C(C)(C)C,-2.253,train
Cc1ccc(OP(=O)(Oc2cccc(C)c2)Oc3ccccc3C)cc1,-6.01,train
CCCCCC=O,-1.3,train
CCCCOC(=O)c1ccc(N)cc1,-3.082,train
O2c1cc(C)ccc1N(C)C(=O)c3cc(N)cnc23 ,-3.043,train
CC(C)=CCC/C(C)=C\CO,-2.46,train
Clc1ccc(cc1)c2ccccc2Cl ,-5.28,train
O=C1N(COC(=O)CCCCCCC)C(=O)C(N1)(c2ccccc2)c3ccccc3,-6.523,train
CCN(=O)=O,-0.22,train
CCN(CC(C)=C)c1c(cc(cc1N(=O)=O)C(F)(F)F)N(=O)=O,-6.124,train
Clc1ccc(Cl)c(Cl)c1Cl,-4.57,train
CCCC(C)(COC(N)=O)COC(N)=O ,-1.807,train
CC(=O)C3CCC4C2CC=C1CC(O)CCC1(C)C2CCC34C ,-4.65,train
CI,-1,train
CC1CC(C)C(=O)C(C1)C(O)CC2CC(=O)NC(=O)C2 ,-1.13,train
O=C1N(COC(=O)CCCCCC)C(=O)C(N1)(c2ccccc2)c3ccccc3,-6.301,train
CC1=CC(=O)CC(C)(C)C1 ,-1.06,train
O=C1NC(=O)NC(=O)C1(CC)C(C)CC,-2.39,train
CCCCC(=O)CCCC,-2.58,train
CCC1(CCC(=O)NC1=O)c2ccccc2 ,-2.337,train
CCC(C)CC,-3.68,train
CCOc1ccc(cc1)C(C)(C)COCc3cccc(Oc2ccccc2)c3,-8.6,train
Cc1ccccc1n3c(C)nc2ccccc2c3=O,-2.925,train
ClCC#N,-0.092,train
CCOP(=S)(CC)Oc1cc(Cl)c(Cl)cc1Cl,-5.752,train
CC12CCC(=O)C=C1CCC3C2CCC4(C)C3CCC4(O)C#C ,-5.66,train
c1ccnnc1,1.1,train
Clc1cc(Cl)c(Cl)c(Cl)c1,-4.63,train
C1C(O)CCC2(C)CC3CCC4(C)C5(C)CC6OCC(C)CC6OC5CC4C3C=C21,-7.32,train
Nc1ccccc1O,-0.72,train
CCCCCCCCC(=O)OCC,-3.8,train
COCC(=O)N(C(C)C(=O)OC)c1c(C)cccc1C ,-1.601,train
CNC(=O)Oc1ccccc1OC(C)C,-2.05,train
CCC(C)Cl,-1.96,train
Oc1ccc2ccccc2c1,-2.28,train
CC(C)Oc1cc(c(Cl)cc1Cl)n2nc(oc2=O)C(C)(C)C,-5.696,train
CCCCC#C,-2.36,train
CCCCCCCC#C,-4.24,train
Cc1ccccc1Cl,-3.52,train
CC(C)OC(C)C,-1.1,train
Nc1ccc(cc1)S(=O)(=O)c2ccc(N)cc2,-3.094,train
CNN,1.34,train
CC#C,-0.41,train
CCOP(=S)(OCC)ON=C(C#N)c1ccccc1,-4.862,train
CCNP(=S)(OC)OC(=CC(=O)OC(C)C)C,-3.408,train
C=CC=O,0.57,train
O=c1[nH]cnc2nc[nH]c12 ,-2.296,train
Oc2ccc1ncccc1c2 ,-2.16,train
Fc1ccccc1,-1.8,train
CCCCl,-1.47,train
CCOC(=O)C,-0.04,train
CCCC(C)(C)C,-4.36,train
Cc1cc(C)c(C)c(C)c1C,-4,train
CC12CCC(CC1)C(C)(C)O2 ,-1.64,train
CCCCOC(=O)CCCCCCCCC(=O)OCCCC,-3.896,train
Clc1ccc(cc1)c2ccc(Cl)cc2 ,-6.56,train
Cc1cccnc1C,0.38,train
CC(=C)C1CC=C(C)C(=O)C1,-2.06,train
CCOP(=S)(OCC)SCSc1ccc(Cl)cc1,-5.736,train
COc1cc(cc(OC)c1O)C6C2C(COC2=O)C(OC4OC3COC(C)OC3C(O)C4O)c7cc5OCOc5cc67,-3.571,train
c1cc2cccc3c4cccc5cccc(c(c1)c23)c54,-8.804,train
Cc1ccc(cc1N(=O)=O)N(=O)=O,-2.82,train
c1c(Br)ccc2ccccc12 ,-4.4,train
CNC(=O)Oc1cccc(N=CN(C)C)c1,-2.34,train
COc2cnc1ncncc1n2,-1.139,train
Cc3ccnc4N(C1CC1)c2ncccc2C(=O)Nc34 ,-3.19,train
CCOP(=S)(OCC)Oc1nc(Cl)n(n1)C(C)C,-3.658,train
CC(=C)C=C,-2.03,train
CC(C)=CCCC(O)(C)C=C,-1.99,train
COP(=S)(OC)Oc1ccc(SC)c(C)c1,-4.57,train
OC1CCCCC1,-0.44,train
O=C1NC(=O)NC(=O)C1(C)CC=C,-1.16,train
CC34CCC1C(CCC2CC(O)CCC12C)C3CCC4=O,-4.16,train
OCC(O)C(O)C(O)C(O)CO ,0.06,train
Cc1ccc(cc1)c2ccccc2,-4.62,train
CCNc1nc(Cl)nc(NC(C)C)n1,-3.85,train
NC(=S)Nc1ccccc1,-1.77,train
CCCC(=O)CCC,-1.3,train
CC(=O)C(C)(C)C,-0.72,train
Oc1ccc(Cl)cc1,-0.7,train
O=C1CCCCC1,-0.6,train
Cc1cccc(N)c1,-0.85,train
ClC(Cl)(Cl)C#N,-2.168,train
CNc2cnn(c1cccc(c1)C(F)(F)F)c(=O)c2Cl,-4.046,train
CCCCCCCCC(=O)C,-3.3,train
CCN(CC)c1nc(Cl)nc(NC(C)C)n1,-3.785,train
CCOC(=O)c1ccc(N)cc1,-2.616,train
Clc1ccc(Cl)c(Cl)c1,-3.59,train
Cc3nnc4CN=C(c1ccccc1Cl)c2cc(Cl)ccc2n34,-4.09,train
Oc1ccccc1O,0.62,train
CCN2c1ncccc1N(C)C(=O)c3cccnc23 ,-2.62,train
CSC,-0.45,train
Cc1ccccc1Br,-2.23,train
CCOC(=O)N,0.85,train
CC(=O)OC3(CCC4C2C=C(C)C1=CC(=O)CCC1(C)C2CCC34C)C(C)=O ,-5.35,train
CC(C)C(O)C(C)C,-1.22,train
c1ccc2ccccc2c1,-3.6,train
CCNc1ccccc1,-1.7,train
O=C1NC(=O)C(N1)(c2ccccc2)c3ccccc3,-4.097,train
Cc1c2ccccc2c(C)c3ccc4ccccc4c13,-7.02,train
CCOP(=S)(OCC)SC(CCl)N1C(=O)c2ccccc2C1=O,-6.34,train
COc1ccc(cc1)C(c2ccc(OC)cc2)C(Cl)(Cl)Cl,-6.89,train
Fc1cccc(F)c1C(=O)NC(=O)Nc2cc(Cl)c(F)c(Cl)c2F ,-7.28,train
O=C1N(COC(=O)CCCC)C(=O)C(N1)(c2ccccc2)c3ccccc3,-4.678,train
CN(C)C(=O)Nc1ccc(Cl)cc1,-2.89,train
OC(Cn1cncn1)(c2ccc(F)cc2)c3ccccc3F,-3.37,train
CC(=O)OCC(=O)C3(O)C(CC4C2CCC1=CC(=O)C=CC1(C)C2(F)C(O)CC34C)OC(C)=O ,-4.13,train
CCCCBr,-2.37,train
Brc1cc(Br)c(Br)cc1Br,-6.98,train
CC(C)CC(=O)C,-0.74,train
CCSC(=O)N(CC)C1CCCCC1 ,-3.4,train
COc1ccc(Cl)cc1,-2.78,train
CC1(C)C(C=C(Br)Br)C1C(=O)OC(C#N)c2cccc(Oc3ccccc3)c2,-8.402,train
CCC(C)C1(CC=C)C(=O)NC(=O)NC1=O,-2.016,train
COP(=S)(OC)Oc1ccc(N(=O)=O)c(C)c1,-4.04,train
Ic1cccc2ccccc12,-4.55,train
OCC(O)C(O)C(O)C(O)CO,1.09,train
CCS,-0.6,train
ClCC(Cl)Cl,-1.48,train
CN(C)C(=O)Oc1cc(C)nn1c2ccccc2,-2.09,train
NC(=O)c1ccccc1O,-1.82,train
Cc1ccccc1N(=O)=O,-2.33,train
O=C1NC(=O)NC(=O)C1(C(C)C)C(C)C,-2.766,train
CCc1ccccc1C,-3.21,train
CCCCCCCCl,-4,train
O=C1NC(=O)NC(=O)C1(CC)CC,-2.4,train
C(Cc1ccccc1)c2ccccc2,-4.62,train
ClC(Cl)C(Cl)Cl,-1.74,train
CCN2c1cc(OC)cc(C)c1NC(=O)c3cccnc23 ,-5.153,train
Cc1ccc2c(ccc3ccccc32)c1,-5.84,train
CCCCOC(=O)c1ccccc1C(=O)OCCCC ,-4.4,train
COc1c(O)c(Cl)c(Cl)c(Cl)c1Cl ,-4.02,train
CCN(CC)C(=O)C(=CCOP(=O)(OC)OC)Cl,0.523,train
CC34CCC1C(=CCc2cc(O)ccc12)C3CCC4=O,-5.282,train
CCOC(=O)c1ccccc1S(=O)(=O)NN(C=O)c2nc(Cl)cc(OC)n2,-4.576,train
COc1ccc(cc1)N(=O)=O,-2.41,train
CCCCCCCl,-3.12,train
Clc1cc(c(Cl)c(Cl)c1Cl)c2cc(Cl)c(Cl)c(Cl)c2Cl,-9.16,train
OCC1OC(CO)(OC2OC(COC3OC(CO)C(O)C(O)C3O)C(O)C(O)C2O)C(O)C1O,-0.41,train
CCCCCCCCCCCCCCCCCCCCCCCCCC,-8.334,train
CCN2c1ccccc1N(C)C(=O)c3cccnc23 ,-3.324,train
CC(Cl)Cl,-1.29,train
Nc1ccc(cc1)S(N)(=O)=O,-1.34,train
CCCN(CCC)c1c(cc(cc1N(=O)=O)C(C)C)N(=O)=O,-6.49,train
ClC1C(Cl)C(Cl)C(Cl)C(Cl)C1Cl,-4.64,train
CCOP(=S)(NC(C)C)Oc1ccccc1C(=O)OC(C)C,-4.194,train
Clc1cccc(Cl)c1Cl,-4,train
ClC(Cl)(Cl)Cl,-2.31,train
O=N(=O)c1cc(Cl)c(Cl)cc1,-3.2,train
OC1CCCCCCC1,-1.29,train
CC1(O)CCC2C3CCC4=CC(=O)CCC4(C)C3CCC21C,-3.999,train
CCOc1ccc(NC(N)=O)cc1,-2.17,train
C/C1CCC(\C)CC1,-4.47,train
c1cnc2c(c1)ccc3ncccc23,-2.68,train
COC(C)(C)C,-0.24,train
COc1ccc(C=CC)cc1,-3.13,train
CCCCCCCCCCCCCCCCO,-7,train
O=c1cc[nH]c(=O)[nH]1 ,-1.488,train
Nc1ncnc2nc[nH]c12 ,-2.12,train
Clc1cc(Cl)c(cc1Cl)c2cccc(Cl)c2Cl ,-7.21,train
COc1ccc(cc1)C(O)(C2CC2)c3cncnc3 ,-2.596,train
c1ccc2c(c1)c3cccc4c3c2cc5ccccc54,-8.23,train
O=C(Nc1ccccc1)Nc2ccccc2,-3.15,train
CCC1(C(=O)NC(=O)NC1=O)c2ccccc2 ,-2.322,train
Clc1ccc(cc1)c2cccc(Cl)c2Cl ,-6.29,train
CC(C)c1ccc(NC(=O)N(C)C)cc1,-3.536,train
CCN(CC)C(=O)CSc1ccc(Cl)nn1,-1.716,train
CCC(C)(C)CO,-1.04,train
CCCOC(=O)CCC,-1.75,train
Cc1c(cc(cc1N(=O)=O)N(=O)=O)N(=O)=O,-3.22,train
CC(C)OP(=S)(OC(C)C)SCCNS(=O)(=O)c1ccccc1,-4.2,train
C1CCCCCC1,-3.51,train
CCCOC=O,-0.49,train
CC(C)c1ccccc1C,-3.76,train
Nc1cccc(Cl)c1,-1.37,train
CC(C)CC(C)C,-4.26,train
o1c2ccccc2c3ccccc13,-4.6,train
CCOC2Oc1ccc(OS(C)(=O)=O)cc1C2(C)C,-3.42,train
CN(C)C(=O)Nc1cccc(c1)C(F)(F)F,-3.43,train
c3ccc2nc1ccccc1cc2c3,-3.67,train
CC12CC(=O)C3C(CCC4=CC(=O)CCC34C)C2CCC1(O)C(=O)CO,-3.11,train
OCC1OC(O)C(O)C(O)C1O,0.74,train
Cc1cccc(O)c1,-0.68,train
CC2Cc1ccccc1N2NC(=O)c3ccc(Cl)c(c3)S(N)(=O)=O ,-3.586,train
CCC(C)C(=O)OC2CC(C)C=C3C=CC(C)C(CCC1CC(O)CC(=O)O1)C23 ,-6.005,train
O=N(=O)c1ccc(cc1)N(=O)=O,-3.39,train
CCC1(C(=O)NC(=O)NC1=O)C2=CCC3CCC2C3,-2.696,train
CCCCCCCCCC(=O)OCC,-4.1,train
CN(C)C(=O)Nc1ccccc1,-1.6,train
CCCOCC,-0.66,train
CC(C)O,0.43,train
Cc1ccc2ccccc2c1,-3.77,train
ClC(Br)Br,-1.9,train
CCC(C(CC)c1ccc(O)cc1)c2ccc(O)cc2,-4.43,train
CCOC(=O)CC(SP(=S)(OC)OC)C(=O)OCC,-3.37,train
ClCc1ccccc1,-2.39,train
C/C=C/C=O,0.32,train
CON(C)C(=O)Nc1ccc(Br)c(Cl)c1,-3.924,train
Cc1c2ccccc2c(C)c3ccccc13,-6.57,train
CCCCCC(=O)OC,-1.87,train
CN(C)C(=O)Nc1ccc(c(Cl)c1)n2nc(oc2=O)C(C)(C)C,-4.328,train
CC(=O)Nc1ccc(F)cc1,-1.78,train
CCc1cccc(CC)c1N(COC)C(=O)CCl ,-3.26,train
C1CCC=CC1,-2.59,train
CC12CC(O)C3C(CCC4=CC(=O)CCC34C)C2CCC1(O)C(=O)CO,-3.09,train
c1cncnc1,1.1,train
Clc1ccc(cc1)N(=O)=O,-2.92,train
CCC(=O)OC,-0.14,train
Clc1ccccc1N(=O)=O,-2.55,train
CCCCN(C)C(=O)Nc1ccc(Cl)c(Cl)c1,-4.77,train
CN1CC(O)N(C1=O)c2nnc(s2)C(C)(C)C,-1.877,train
O=N(=O)c1ccccc1,-1.8,train
Ic1ccccc1,-3.01,train
CC2Nc1cc(Cl)c(cc1C(=O)N2c3ccccc3C)S(N)(=O)=O ,-3.78,train
COc1ccccc1OCC(O)COC(N)=O,-0.985,train
CCCCOCN(C(=O)CCl)c1c(CC)cccc1CC ,-4.19,train
Oc1cccc(Cl)c1Cl,-1.3,train
CCCC(=O)OC,-1.92,train
CCC(=O)Nc1ccc(Cl)c(Cl)c1,-3,train
Nc3nc(N)c2nc(c1ccccc1)c(N)nc2n3,-2.404,train
CCCCCC(=O)OCC,-2.35,train
OCC(O)C2OC1OC(OC1C2O)C(Cl)(Cl)Cl ,-1.84,train
CN(C=Nc1ccc(C)cc1C)C=Nc2ccc(C)cc2C,-5.47,train
COc1nc(NC(C)C)nc(NC(C)C)n1,-2.478,train
CCCCCCC=C,-4.44,train
Cc1ccc(N)cc1,-1.21,train
Nc1nccs1 ,-0.36,train
c1ccccc1(OC(=O)NC),-1.803,train
CCCC(O)CC,-0.8,train
c3ccc2c(O)c1ccccc1cc2c3 ,-4.73,train
Cc1ccc2cc3ccccc3cc2c1,-6.96,train
Cc1cccc(C)c1C,-3.2,train
CNC(=O)Oc1ccc(N(C)C)c(C)c1,-2.36,train
CCCCCCCC(C)O,-2.74,train
CN(C(=O)NC(C)(C)c1ccccc1)c2ccccc2,-3.35,train
CCCC(=O)CC,-0.83,train
Oc1c(Br)cc(C#N)cc1Br ,-3.33,train
Clc1ccc(cc1Cl)c2ccccc2 ,-6.39,train
CN(C(=O)COc1nc2ccccc2s1)c3ccccc3,-4.873,train
Oc1cccc2ncccc12 ,-2.54,train
CC1=C(SCCO1)C(=O)Nc2ccccc2,-3.14,train
CCOc2ccc1nc(sc1c2)S(N)(=O)=O ,-3.81,train
Oc1c(Cl)c(Cl)c(Cl)c(Cl)c1Cl,-4.28,train
ClCBr,-0.89,train
CCC1(CC)C(=O)NC(=O)N(C)C1=O ,-2.23,train
CC(=O)OCC(=O)C3CCC4C2CCC1=CC(=O)CCC1(C)C2CCC34C ,-4.63,train
NC(=O)NCc1ccccc1 ,-0.95,train
CN(C)C(=O)Nc1ccc(C)c(Cl)c1,-3.483,train
CON(C)C(=O)Nc1ccc(Cl)c(Cl)c1,-3.592,train
OC1CCCCCC1,-0.88,train
CS(=O)(=O)c1ccc(cc1)C(O)C(CO)NC(=O)C(Cl)Cl ,-2.154,train
CCCC(C)C1(CC)C(=O)NC(=S)NC1=O ,-3.36,train
CC(=O)Nc1nnc(s1)S(N)(=O)=O ,-2.36,train
Oc1ccc(cc1)N(=O)=O,-0.74,train
ClC1=C(Cl)C2(Cl)C3C4CC(C=C4)C3C1(Cl)C2(Cl)Cl,-6.307,train
C1CCOC1,0.49,train
Nc1ccccc1N(=O)=O,-1.96,train
Clc1cccc(c1Cl)c2cccc(Cl)c2Cl,-7.28,train
CCCCC1C(=O)N(N(C1=O)c2ccccc2)c3ccccc3 ,-3.81,train
Cc1c(cccc1N(=O)=O)N(=O)=O,-3,train
CC(=O)C1CCC2C3CCC4=CC(=O)CCC4(C)C3CCC12C,-4.42,train
CCN(CC)c1nc(Cl)nc(n1)N(CC)CC,-4.411,train
ClC(Cl)C(Cl)(Cl)SN2C(=O)C1CC=CCC1C2=O ,-5.4,train
c1(Br)c(Br)cc(Br)cc1,-4.5,train
OC3N=C(c1ccccc1)c2cc(Cl)ccc2NC3=O ,-3.952,train
O=C1NC(=O)NC(=O)C1(C(C)CCC)CC=C,-2.356,train
c1(O)c(C)ccc(C(C)C)c1,-2.08,train
C1SC(=S)NC1(=O),-1.77,train
Oc1ccc(c(O)c1)c3oc2cc(O)cc(O)c2c(=O)c3O ,-3.083,train
ClC1(C(=O)C2(Cl)C3(Cl)C14Cl)C5(Cl)C2(Cl)C3(Cl)C(Cl)(Cl)C45Cl,-5.259,train
CCN(CC)C(=S)SSC(=S)N(CC)CC,-4.86,train
C1CCCCC1,-3.1,train
ClC1=C(Cl)C(Cl)(C(=C1Cl)Cl)C2(Cl)C(=C(Cl)C(=C2Cl)Cl)Cl,-7.278,train
CN(C)C=Nc1ccc(Cl)cc1C,-2.86,train
CC34CCc1c(ccc2cc(O)ccc12)C3CCC4=O,-5.24,train
CCCCCCCCO,-2.39,train
CCSCC,-1.34,train
ClCCCl,-1.06,train
CCC(C)(C)Cl,-2.51,train
ClCCBr,-1.32,train
Nc1ccc(cc1)N(=O)=O,-2.37,train
OCC1OC(OC2C(O)C(O)C(O)OC2CO)C(O)C(O)C1O,-0.244,train
CCN2c1ncccc1N(CC)C(=O)c3cccnc23 ,-2.86,train
Clc1ccccc1,-2.38,train
CCCCCCCC=C,-5.05,train
Brc1ccc(I)cc1,-4.56,train
CCC(C)(O)CC,-0.36,train
CCCCCc1ccccc1,-4.64,train
NC(=O)NC1NC(=O)NC1=O ,-1.6,train
OCC(O)COC(=O)c1ccccc1Nc2ccnc3cc(Cl)ccc23,-4.571,train
ClC(Cl)C(c1ccc(Cl)cc1)c2ccc(Cl)cc2,-7.2,train
CC(=O)OC3CCC4C2CCC1=CC(=O)CCC1(C)C2CCC34C ,-5.184,train
Clc1cccc2ccccc12,-3.93,train
CCN2c1ccccc1N(C)C(=O)c3ccccc23 ,-4.749,train
CCCCC(C)O,-0.89,train
CCCC1CCCC1,-4.74,train
CCOC(=O)c1cncn1C(C)c2ccccc2,-4.735,train
Oc1ccc(Cl)c(Cl)c1,-1.25,train
CC1(C)C(C=C(Cl)Cl)C1C(=O)OC(C#N)c2cccc(Oc3ccccc3)c2,-8.017,train
c2ccc1ocnc1c2,-1.16,train
CCCCCO,-0.6,train
CCN(CC)c1ccccc1,-3.03,train
Fc1cccc(F)c1,-2,train
ClCCC#N ,-0.29,train
CC(C)(C)Cc1ccccc1,-4.15,train
O=C1NC(=O)NC(=O)C1(CC)c1ccccc1,-2.322,train
Clc1ccccc1I,-3.54,train
c2ccc1[nH]nnc1c2,-0.78,train
CNC(=O)Oc1cccc2CC(C)(C)Oc12,-2.8,train
Cc1cccc(C)c1O,-1.29,train
CC(C)C(C)O,-0.18,train
c1ccccc1C(O)c2ccccc2,-2.55,train
CCCCCCCCCC(=O)OC,-4.69,train
COP(=S)(OC)Oc1ccc(cc1Cl)N(=O)=O,-4.31,train
CC(C)CBr,-2.43,train
CCI,-1.6,train
CN(C)C(=O)Oc1nc(nc(C)c1C)N(C)C,-1.95,train
CCCCCCBr,-3.81,train
CCCC(C)C,-3.74,train
Cc1c(F)c(F)c(COC(=O)C2C(C=C(Cl)C(F)(F)F)C2(C)C)c(F)c1F,-7.321,train
CCc1cccc(C)c1N(C(C)COC)C(=O)CCl ,-2.73,train
ON=Cc1ccc(o1)N(=O)=O ,-2.19,train
CC(C)C(Nc1ccc(cc1Cl)C(F)(F)F)C(=O)OC(C#N)c2cccc(Oc3ccccc3)c2,-8.003,train
Nc1nc[nH]n1,0.522,train
BrC(Br)Br,-1.91,train
COP(=O)(OC)C(O)C(Cl)(Cl)Cl,-0.22,train
CCOP(=S)(OCC)SCn1c(=O)oc2cc(Cl)ccc12,-5.233,train
OCc1ccccc1,-0.4,train
O=c2c(C3CCCc4ccccc43)c(O)c1ccccc1o2 ,-2.84,train
Oc1ccc(Br)cc1,-1.09,train
CC(C)Br,-1.59,train
CC(C)CC(C)(C)C,-4.74,train
O=N(=O)c1cc(cc(c1)N(=O)=O)N(=O)=O,-2.89,train
CN2C(=O)CN=C(c1ccccc1)c3cc(ccc23)N(=O)=O,-3.796,train
CCC,-1.94,train
Nc1cc(nc(N)n1=O)N2CCCCC2 ,-1.989,train
Nc2cccc3nc1ccccc1cc23 ,-4.22,train
c1ccc2cc3c4cccc5cccc(c3cc2c1)c45,-8.49,train
OC(c1ccc(Cl)cc1)(c2ccc(Cl)cc2)C(Cl)(Cl)Cl,-5.666,train
C1Cc2cccc3cccc1c23,-4.63,train
CCOP(=S)(OCC)SC(CCl)N2C(=O)c1ccccc1C2=O,-6.34,train
Brc1ccc(Br)cc1,-4.07,train
Cn2c(=O)on(c1ccc(Cl)c(Cl)c1)c2=O,-2.82,train
Oc1ccc(cc1)c2ccccc2,-3.48,train
CC1=C(CCCO1)C(=O)Nc2ccccc2 ,-2.56,train
CCOC=C,-0.85,train
CCC#C,-1.24,train
COc1ncnc2nccnc12 ,-1.11,train
CCCCC(C)(O)CC,-1.6,train
Clc1ccc(Cl)cc1,-3.27,train
O=C1N(COC(=O)C)C(=O)C(N1)(c2ccccc2)c3ccccc3,-4.47,train
CSCS(=O)CC(CO)NC(=O)C=Cc1c(C)[nH]c(=O)[nH]c1=O,-1.981,train
Cc1c[nH]c2ccccc12 ,-2.42,train
COc2ncc1nccnc1n2,-1.11,train
CNC(=O)Oc1ccccc1C2OCCO2,-1.57,train
C1N(C(=O)NCC(C)C)C(=O)NC1,-2.15,train
CC#N,0.26,train
CCOC(=O)NCCOc2ccc(Oc1ccccc1)cc2,-4.7,train
CC(=O)N(S(=O)c1ccc(N)cc1)c2onc(C)c2C ,-3.59,train
ClCC(Cl)(Cl)Cl,-2.18,train
CCCCO,0,train
CC1CCCCC1NC(=O)Nc2ccccc2,-4.11,train
Clc1cc(Cl)cc(Cl)c1,-4.48,train
O=Cc1ccco1,-0.1,train
CC(C)CCO,-0.51,train
O=Cc2ccc1OCOc1c2 ,-1.63,train
CC(=C)C,-2.33,train
O=Cc1ccccc1,-1.19,train
CC(=C)C(=C)C,-2.4,train
CCOC(=O)CCN(SN(C)C(=O)Oc1cccc2CC(C)(C)Oc21)C(C)C,-4.71,train
O2c1ccccc1N(C)C(=O)c3cccnc23 ,-3.672,train
C1c2ccccc2c3ccccc13,-5,train
CC1CCCCC1,-3.85,train
NC(=N)NS(=O)(=O)c1ccc(N)cc1 ,-1.99,train
COC(=O)c1ccc(O)cc1,-1.827,train
CC1CCCO1,0.11,train
CC3C2CCC1(C)C=CC(=O)C(=C1C2OC3=O)C,-3.09,train
OCC2OC(Oc1ccccc1CO)C(O)C(O)C2O,-0.85,train
CCCI,-2.29,train
CCNc1nc(NC(C)C)nc(SC)n1,-3.04,train
CCCO,0.62,train
CC(=O)C1(O)CCC2C3CCC4=CC(=O)CCC4(C)C3CCC21C,-3.817,train
CCCC(C)O,-0.29,train
OC(C(=O)c1ccccc1)c2ccccc2,-2.85,train
Cc1ccc(O)c(C)c1,-1.19,train
Clc1cccc(c1)N(=O)=O,-2.77,train
Cc2c(N)c(=O)n(c1ccccc1)n2C,-0.624,train
Clc1ccc(c(Cl)c1)c2cc(Cl)ccc2Cl ,-6.57,train
ClC(=C(Cl)C(=C(Cl)Cl)Cl)Cl,-4.92,train
CCNc1nc(NC(C)(C)C)nc(SC)n1,-4,train
CCC(C)CCO,-0.71,train
Cc2ncc1nccnc1n2,-0.12,train
CC23Cc1cnoc1C=C2CCC4C3CCC5(C)C4CCC5(O)C#C,-5.507,train
CCCCI,-2.96,train
Brc1ccc2ccccc2c1,-4.4,train
CC1OC(CC(O)C1O)OC2C(O)CC(OC2C)OC8C(O)CC(OC7CCC3(C)C(CCC4C3CC(O)C5(C)C(CCC45O)C6=CC(=O)OC6)C7)OC8C ,-4.081,train
FC(F)(F)c1ccccc1,-2.51,train
CCCCCCOC(=O)c1ccccc1C(=O)OCCCCCC,-6.144,train
c1ccc2c(c1)sc3ccccc23,-4.38,train
Clc1ccc(c(Cl)c1)c2ccc(Cl)c(Cl)c2Cl ,-7.8,train
Clc1ccc(c(Cl)c1Cl)c2ccc(Cl)c(Cl)c2Cl ,-8.01,train
CC(=O)CC(c1ccccc1)c3c(O)c2ccccc2oc3=O ,-3.893,train
c1ccccc1C(O)C(O)c2ccccc2,-1.93,train
COC(=O)c1ccccc1C(=O)OC,-1.66,train
CCCCCCCC(=O)OCC,-3.39,train
CCSSCC,-2.42,train
CCOCCOCC,-0.77,train
Clc1cc(Cl)c(Cl)cc1Cl,-5.56,train
Nc1ccc(cc1)c2ccc(N)cc2,-2.7,train
CCCCCC=C,-3.73,train
CCCCc1c(C)nc(NCC)[nH]c1=O,-3.028,train
O=C1NC(=O)NC(=O)C1(CC)C(C)CCC,-2.39,train
Nc1ccccc1Cl,-1.52,train
COc1cccc(Cl)c1,-2.78,train
CCCCN(CC)C(=O)SCCC,-3.53,train
CCCCOC=O,-1.37,train
CC12CC(O)C3C(CCC4=CC(=O)C=CC34C)C2CCC1(O)C(=O)CO,-3.18,train
BrC(Cl)Cl,-1.54,train
CC34CC(=O)C1C(CCC2=CC(=O)CCC12C)C3CCC4(=O) ,-3.48,train
c1ccc(cc1)c2ccc(cc2)c3ccccc3,-7.11,train
Oc1ccc(C=O)cc1,-0.96,train
CBr,-0.79,train
Cc1cc(ccc1NS(=O)(=O)C(F)(F)F)S(=O)(=O)c2ccccc2,-3.8,train
CC(=O)CC(c1ccc(Cl)cc1)c2c(O)c3ccccc3oc2=O,-5.839,train
CCc1ccc2ccccc2c1,-4.29,train
Nc1c(C)c[nH]c(=O)n1 ,-1.458,train
Clc2c(Cl)c(Cl)c(c1ccccc1)c(Cl)c2Cl ,-7.92,train
c1c(NC(=O)c2ccccc2(I))cccc1,-4.21,train
Cc3cc2nc1c(=O)[nH]c(=O)nc1n(CC(O)C(O)C(O)CO)c2cc3C,-3.685,train
Fc1ccccc1Br,-2.7,train
Oc1ccc(Cl)cc1Cl,-1.55,train
CC1(C)C(C=C(Cl)Cl)C1C(=O)OCc2cccc(Oc3ccccc3)c2,-6.291,train
CN2C(=C(O)c1ccccc1S2(=O)=O)C(=O)Nc3ccccn3 ,-4.16,train
O=C1N(COC(=O)CC)C(=O)C(N1)(c2ccccc2)c3ccccc3,-4.907,train
C1CCCC1,-2.64,train
Cc1ccccc1N,-2.21,train
c1(OC)ccc(CC=C)cc1,-2.92,train
CN(C)C(=O)Nc1cccc(OC(=O)NC(C)(C)C)c1 ,-2.93,train
CC(C)C=C,-2.73,train
Oc1ccccn1,1.02,train
CC,-1.36,train
Clc1ccccc1Cl,-3.05,train
Sc2nc1ccccc1s2 ,-3.18,train
Clc1c(Cl)c(Cl)c(c(Cl)c1Cl)c2c(Cl)c(Cl)c(Cl)c(Cl)c2Cl ,-11.6,train
COc2c1occc1cc3ccc(=O)oc23 ,-3.664,train
CC(=O)N,1.58,train
Cc1cccc2ccccc12,-3.7,train
CCN(CC)C(=O)C(C)Oc1cccc2ccccc12 ,-3.57,train
CC(O)C(C)(C)C,-0.62,train
CCCC(=O)OCC,-1.36,train
CC2=CC(=O)c1ccccc1C2=O ,-3.03,train
c1ccc2c(c1)ccc3ccccc32,-5.26,train
Cc1ccnc(C)c1,0.38,train
CCCCCCCCCO,-3.01,train
BrCBr,-1.17,train
CC1CC2C3CCC4=CC(=O)C=CC4(C)C3(F)C(O)CC2(C)C1(O)C(=O)CO,-3.59,train
Cc1ccc2cc(C)ccc2c1,-4.89,train
CCSC(=O)N(CC(C)C)CC(C)C,-3.68,train
O=N(=O)OCC(CON(=O)=O)ON(=O)=O ,-2.22,train
Nc1cccc(c1)N(=O)=O,-2.19,train
CCCCCl,-2.03,train
ClC(Cl)(Cl)C(NC=O)N1C=CN(C=C1)C(NC=O)C(Cl)(Cl)Cl ,-4.19,train
Cn2cc(c1ccccc1)c(=O)c(c2)c3cccc(c3)C(F)(F)F,-4.445,train
Nc3cc2c1ccccc1ccc2c4ccccc34 ,-6.2,train
CC12CCC3C(CCc4cc(O)ccc34)C2CCC1=O,-3.955,train
CCN2c1ccccc1N(C)C(=S)c3cccnc23 ,-4.706,train
CC1CO1,-0.59,train
O=C3CN=C(c1ccccc1)c2cc(ccc2N3)N(=O)=O,-3.796,train
CCNC(=S)NCC,-1.46,train
Oc1cc(Cl)cc(Cl)c1Cl,-2.67,train
CCCCC(=O)OC,-1.34,train
Nc1ccccc1,-0.41,train
Cc1cccc2c(C)cccc12,-4.679,train
NS(=O)(=O)c2cc1c(NCNS1(=O)=O)cc2Cl ,-2.63,train
C1=Cc2cccc3cccc1c23,-3.96,train
CCCCCOC(=O)CC,-1.28,train
CCNc1nc(NC(C)C)nc(OC)n1,-2.084,train
c1ccc2c(c1)cc3ccc4cccc5ccc2c3c45,-8.699,train
CCBr,-1.09,train
CCC#CCC,-1.99,train
CC1OC(CC(O)C1O)OC2C(O)CC(OC2C)OC8C(O)CC(OC7CCC3(C)C(CCC4C3CCC5(C)C(CCC45O)C6=CC(=O)OC6)C7)OC8C ,-5.293,train
CCC(=C)C,-2.73,train
Oc1cccc2cccnc12 ,-2.42,train
C1CCc2ccccc2C1,-4.37,train
Oc1ccc(cc1)C2(OC(=O)c3ccccc23)c4ccc(O)cc4 ,-2.9,train
Brc1cc(Br)cc(Br)c1,-5.6,train
COP(=S)(OC)Oc1cc(Cl)c(Cl)cc1Cl,-5.72,train
Cc1cc(=O)[nH]c(=S)[nH]1,-2.436,train
COc1cc(CC=C)ccc1O,-1.56,train
O=C1NC(=O)NC(=O)C1(C(C)C)CC=C,-1.708,train
c1cc2ccc3cccc4ccc(c1)c2c34,-6.176,train
CCOC(C)OCC,-0.43,train
CC1(C)CON(Cc2ccccc2Cl)C1=O,-2.338,train
CCCCOCCO,-0.42,train
Clc1c(Cl)c(Cl)c(N(=O)=O)c(Cl)c1Cl,-5.82,train
CC12CCC(O)CC1CCC3C2CCC4(C)C3CCC4=O,-4.402,train
FC(F)(F)c1cccc(c1)N2CC(CCl)C(Cl)C2=O,-4.047,train
c1ccc2ncccc2c1,-1.3,train
COC(=O)c1cc(O)c(O)c(O)c1 ,-1.24,train
OC(Cn1cncn1)(Cn2cncn2)c3ccc(F)cc3F ,-1.8,train
Clc2ccc1oc(=O)[nH]c1c2,-2.831,train
Clc1ccc(c(Cl)c1)c2c(Cl)c(Cl)c(Cl)c(Cl)c2Cl,-7.92,train
O=C1NC(=O)C(=O)C(=O)N1 ,-1.25,train
ClCCCCl,-1.62,train
Fc1cccc(Br)c1,-2.67,train
Clc1ccc(Br)cc1,-3.63,train
CC(C)C(C)C,-3.65,train
CCC=C,-1.94,train
Clc1ccc(Cl)c(c1)c2cc(Cl)c(Cl)c(Cl)c2Cl,-7.68,train
Nc1cc[nH]c(=O)n1 ,-1.155,train
FC(F)(Cl)C(F)(Cl)Cl,-3.04,train
CCC#N,0.28,train
ClC(Cl)C(c1ccc(Cl)cc1)c2ccccc2Cl ,-6.51,train
COc1ccccc1N(=O)=O,-1.96,train
CC34CCC1C(CC=C2CC(O)CCC12C)C3CCC4=O,-4.12,train
CC12CC2(C)C(=O)N(C1=O)c3cc(Cl)cc(Cl)c3,-4.8,train
c1cc2ccc3ccc4ccc5cccc6c(c1)c2c3c4c56,-9.018,train
CCC(C)c1cc(cc(N(=O)=O)c1O)N(=O)=O ,-3.38,train
c1c(OC)c(OC)C2C(=O)OCC2c1,-1.899,train
OCC(O)CO,1.12,train
COc1ccccc1O ,-1.96,train
CCOP(=S)(OCC)Oc1nc(Cl)c(Cl)cc1Cl ,-5.67,train
Cc1c2ccccc2cc3ccccc13,-5.89,train
Cc1cc(=O)n(c2ccccc2)n1C,0.715,train
CCCCOC,-0.99,train
Cc2cnc1cncnc1n2,-0.854,train
CCNc1nc(Cl)nc(NCC)n1 ,-4.55,train
CN(C)C(=O)C,1.11,train
CSc1nc(nc(n1)N(C)C)N(C)C,-2.676,train
C=C,-0.4,train
CC(C)(C)CCO,-0.5,train
O=C1NC(=O)NC(=O)C1(CC)CC=C,-1.614,train
Oc1ccc(Cl)c(Cl)c1Cl,-2.67,train
COc1ccccc1,-1.85,train
c1ccc(Cl)cc1C(c2ccc(Cl)cc2)(O)C(=O)OC(C)C,-4.53,train
CC13CCC(=O)C=C1CCC4C2CCC(C(=O)CO)C2(CC(O)C34)C=O ,-3.85,train
COc2ccc(Oc1ccc(NC(=O)N(C)C)cc1)cc2,-4.16,train
CCc1ccc(C)cc1,-3.11,train
CC(C)SC(C)C,-2.24,train
O=N(=O)c1cccc(c1)N(=O)=O,-2.29,train
CCOP(=S)(OCC)SCSP(=S)(OCC)OCC,-5.54,train
CCC1(C(C)C)C(=O)NC(=O)NC1=O ,-2.21,train
CC(=O)OCC(=O)C3(O)CCC4C2CCC1=CC(=O)CCC1(C)C2C(=O)CC34C ,-4.21,train
Cc1ncc(N(=O)=O)n1CCO,-1.22,train
Nc1ccc(Cl)cc1,-1.66,train
CCCC(C)(C)CO,-1.52,train
c1ccoc1,-0.82,train
COCCCNc1nc(NC(C)C)nc(SC)n1,-2.928,train
CN(C)C(=O)NC1CC2CC1C3CCCC23,-3.171,train
CC(C)(C)c1ccccc1,-3.66,train
CC(=O)CCC1C(=O)N(N(C1=O)c2ccccc2)c3ccccc3,-3.27,train
CC(=O)OCC(=O)C3(O)CCC4C2CCC1=CC(=O)C=CC1(C)C2C(O)CC34C ,-4.37,train
CCCOC,-0.39,train
CC(C)OC(=O)C,-0.55,train
Brc1ccccc1,-2.55,train
CCOC(=O)c1ccc(O)cc1,-2.35,train
O=C1N(COC(=O)CCC)C(=O)C(N1)(c2ccccc2)c3ccccc3,-5.071,train
CCC(=O)OC3CCC4C2CCC1=CC(=O)CCC1(C)C2CCC34C ,-5.37,train
c1cc2ccc3ccc4ccc5ccc6ccc1c7c2c3c4c5c67,-9.332,train
O=c1[nH]cnc2[nH]ncc12 ,-2.266,train
ClC=C,-1.75,train
CN(C)C(=O)C(c1ccccc1)c2ccccc2 ,-2.98,train
BrC(Br)(Br)Br,-3.14,train
CCN2c1cc(N(C)C)cc(C)c1NC(=O)c3cccnc23 ,-4.871,train
O=C1NC(=O)c2ccccc12 ,-2.61,train
OC(c1ccc(Cl)cc1)(c2cncnc2)c3ccccc3Cl,-4.38,train
COC(=O)c1ccccc1,-1.85,train
Cn1ccc(=O)[nH]c1=O,-0.807,train
CCCCC1C(=O)N(N(C1=O)c2ccc(O)cc2)c3ccccc3 ,-3.73,train
Clc1ccc(Cl)c(c1)c2cccc(Cl)c2Cl ,-6.47,train
CCC2NC(=O)c1cc(c(Cl)cc1N2)S(N)(=O)=O,-3.29,train
CN(C)C(=O)Nc1ccc(Cl)c(Cl)c1,-3.8,train
C1CC=CC1,-2.1,train
C1(=O)NC(=O)NC(=O)C1(O)C2(O)C(=O)NC(=O)NC2(=O),-1.99,train
CCCCCCCCC,-5.88,train
Oc1ccccc1Cl,-1.06,train
c1cccc2c3c(C)cc4ccccc4c3ccc12,-6.59,train
CCOc1ccccc1,-2.33,train
CCOC(=O)C=Cc1ccccc1,-3,train
Cc1[nH]c(=O)n(c(=O)c1Cl)C(C)(C)C,-2.484,train
Clc1ccccc1C2=NCC(=O)Nc3ccc(cc23)N(=O)=O,-3.499,train
Cc1ccc(cc1)S(=O)(=O)N,-1.74,train
CC(OC(=O)Nc1cccc(Cl)c1)C#C,-2.617,train
CCCCCC(C)C,-5.08,train
CC1(C)C(C=C(Cl)C(F)(F)F)C1C(=O)OC(C#N)c2cccc(Oc3ccccc3)c2,-8.176,train
CCCC1C(=O)N3N(C1=O)c2cc(C)ccc2N=C3N(C)C ,-3.538,train
CN2C(=O)CN=C(c1ccccc1)c3cc(Cl)ccc23,-3.754,train
CCC(O)C(C)C,-0.7,train
CCOP(=S)(OCC)Oc1ccc(cc1)S(C)=O ,-2.3,train
CC1(C)C2CCC1(C)C(O)C2,-2.32,train
CC12CCC3C(CCC4=CC(=O)CCC34C)C2CCC1O,-4.02,train
CCCCCCC,-4.53,train
Oc1cccc2ccccc12,-2.22,train
C/C1CCCCC1\C,-4.3,train
COc2cc1c(N)nc(nc1c(OC)c2OC)N3CCN(CC3)C(=O)OCC(C)(C)O ,-3.638,train
C1Cc2c3c1cccc3cc4c2ccc5ccccc54,-7.85,train
CC(=O)C3(C)CCC4C2C=C(C)C1=CC(=O)CCC1(C)C2CCC34C,-5.27,train
CCCCCC(=O)C,-1.45,train
COP(=O)(NC(C)=O)SC ,0.54,train
CCCCSP(=O)(SCCCC)SCCCC,-5.14,train
c1cC2C(=O)NC(=O)C2cc1,-2.932,train
NS(=O)(=O)c2cc1c(NC(NS1(=O)=O)C(Cl)Cl)cc2Cl ,-2.68,train
CC=C(C)C,-2.56,train
Cc1ccc(C)c(C)c1,-3.31,train
Oc1cc(Cl)c(Cl)cc1Cl,-2.21,train
c1ccc2c(c1)cnc3ccccc23 ,-2.78,train
CCCC(C)(O)CC,-0.98,train
CCCCCCCC,-5.24,train
c1ccc2cc3ccccc3cc2c1,-6.35,train
NNc1ccccc1,0.07,train
CCC=O,0.58,train
C1CCCCCCC1,-4.15,train
O=C1NC(=O)NC(=O)C1(CC=C)CC=C,-2.077,train
ClC(Cl)Cl,-1.17,train
Sc1nccc(=O)[nH]1 ,-2.273,train
Clc1ccc(CN(C2CCCC2)C(=O)Nc3ccccc3)cc1,-5.915,train
CC1=CCCCC1,-3.27,train
CCCCC(CC)C=O,-2.13,train
COc2c1occc1c(OC)c3c(=O)cc(C)oc23 ,-3.021,train
O=C1NC(=O)NC(=O)C1(CC)CCC(C)C,-2.658,train
c1ccc2c3c(ccc2c1)c4cccc5cccc3c45,-8,train
CCC(CC)C=O,-1.52,train
CCCOCCC,-1.62,train
CCCCCCCCCCCCCCO,-5.84,train
Oc1c(Cl)ccc(Cl)c1Cl,-2.64,train
NC(=O)N,0.96,train
CCCC#C,-1.64,train
Brc1cccc(Br)c1,-3.54,train
CCCCCCCCCCCCCCCCCCO,-8.4,train
CC(=O)Nc1ccccc1,-1.33,train
c1cc(O)c(O)c2OCC3(O)CC4=CC(=O)C(O)=CC4=C3c21,-2.7,train
c1nccc(C(=O)NN)c1,0.009,train
OC1C=CC2C1C3(Cl)C(=C(Cl)C2(Cl)C3(Cl)Cl)Cl ,-5.46,train
CC(C)CCOC=O,-1.52,train
CC(=O)c1ccccc1,-1.28,train
c2ccc1nc(ccc1c2)c4ccc3ccccc3n4 ,-5.4,train
CCOP(=O)(OCC)OCC,0.43,train
CC2(C)C1CCC(C)(C1)C2=O,-1.85,train
COc2cnc1cncnc1n2,-0.91,train
ClC2=C(Cl)C3(Cl)C1C=CCC1C2(Cl)C3(Cl)Cl ,-5.64,train
CC(C)N(=O)=O,-0.62,train
c1ccc2c(c1)[nH]c3ccccc32,-5.27,train
OCC(O)C(O)CO,0.7,train
CCCOC(=O)c1ccc(N)cc1,-2.452,train
CNC(=O)C=C(C)OP(=O)(OC)OC,0.651,train
O=C1CCC(=O)N1,0.3,train
CCC(C)C(C)C,-4.28,train
CCCCc1c(C)nc(NCC)nc1OS(=O)(=O)N(C)C ,-4.16,train
CCN2c1ncccc1N(C)C(=S)c3cccnc23 ,-4.634,train
O2c1ccccc1N(CC)C(=O)c3ccccc23 ,-3.68,train
C1CCOCC1,-0.03,train
CCCCCC#C,-3.01,train
c1cc2ccc(OC)c(CC=C(C)(C))c2oc1=O ,-4.314,train
c1cc(C)cc2c1c3cc4cccc5CCc(c45)c3cc2,-7.92,train
CCOC(=O)c1ccccc1,-2.32,train
ClCC(C)C,-2,train
CC34CCC1C(CCc2cc(O)ccc12)C3CCC4(O)C#C ,-4.3,train
CCCCCCCCCCCC(=O)OC,-4.69,train
CCCSCCC,-2.58,train
c1ccc2cc3cc4ccccc4cc3cc2c1,-8.6,train
CCCCCBr,-3.08,train
CCCC/C=C/C,-3.82,train
Cc1ncc(N(=O)=O)n1CCO ,-1.26,train
CCCCCC1CCCC1,-6.08,train
Clc1ccc(Cl)c(c1)c2c(Cl)c(Cl)cc(Cl)c2Cl ,-7.42,train
O=C1NC(=O)NC(=O)C1(CC)C(C)C,-2.148,train
CC(Cl)(Cl)Cl,-2,train
CON(C)C(=O)Nc1ccc(Cl)cc1,-2.57,train
O=C2NC(=O)C1(CCCCC1)C(=O)N2,-3.06,train
CN(C)C(=O)OC1=CC(=O)CC(C)(C)C1 ,-0.85,train
Cc1ccc(Br)cc1,-3.19,train
CCOCC,-0.09,train
CC(C)NC(=O)N1CC(=O)N(C1=O)c2cc(Cl)cc(Cl)c2,-4.376,train
CCCCN(CC)c1c(cc(cc1N(=O)=O)C(F)(F)F)N(=O)=O,-5.53,train
Cc1cc(C)c(O)c(C)c1,-2.05,train
c1ccccc1,-1.64,train
Clc1ccc(I)cc1,-4.03,train
COc1ccc(NC(=O)N(C)C)cc1Cl,-2.564,train
CC(C)N(C(=O)CCl)c1ccccc1 ,-2.48,train
C=Cc1ccccc1,-2.82,train
COCOC,0.48,train
Cc1ccccc1C,-2.8,train
CCC(C)O,0.47,train
Oc1ccc(O)cc1,-0.17,train
CC34CCC1C(CCc2cc(O)ccc12)C3CC(O)C4O ,-4.955,train
C1c2ccccc2c3cc4ccccc4cc13,-8.04,train
O=C1CNC(=O)N1 ,-0.4,train
c1(O)cc(O)ccc1CCCCCC,-2.59,train
C=CCS(=O)SCC=C,-0.83,train
CCOP(=S)(OCC)Oc2ccc1oc(=O)c(Cl)c(C)c1c2,-5.382,train
Cc1c(C)c2c3ccccc3ccc2c4ccccc14,-7.01,train
CCCCC(=O)OC3(C(C)CC4C2CCC1=CC(=O)C=CC1(C)C2(F)C(O)CC34C)C(=O)CO,-4.71,train
O=c2[nH]c(=O)c1[nH]c(=O)[nH]c1[nH]2 ,-3.93,train
Oc1c(Cl)cc(Cl)c(Cl)c1Cl,-3.1,train
Clc1cccc(Cl)c1,-3.04,train
Clc1ccc(cc1)C(c2ccc(Cl)cc2)C(Cl)(Cl)Cl,-7.15,train
CC(C)COC=O,-1.01,train
c1ccccc1SC,-2.39,train
CCN2c1nc(C)cc(C(F)(F)F)c1NC(=O)c3cccnc23 ,-4.207,train
CCCCCC,-3.84,train
COC(=O)c1cccnc1 ,-0.46,train
NS(=O)(=O)c3cc2c(NC(Cc1ccccc1)NS2(=O)=O)cc3C(F)(F)F,-3.59,train
Clc1ccc(cc1Cl)c2cc(Cl)c(Cl)c(Cl)c2Cl ,-7.82,train
CC1(OC(=O)N(C1=O)c2cc(Cl)cc(Cl)c2)C=C,-4.925,train
CCNc1nc(Cl)nc(NC(C)(C)C#N)n1,-3.15,train
c1ccc2c(c1)c3ccccc3c4ccccc24,-6.726,train
CC=C(C(=CC)c1ccc(O)cc1)c2ccc(O)cc2,-4.95,train
CCCCC(CC)COC(=O)c1ccccc1C(=O)OCC(CC)CCCC,-6.96,train
CCc1ccccn1,0.51,train
COP(=O)(OC)OC(Br)C(Cl)(Cl)Br,-2.28,train
c1ccc(cc1)c2ccccc2,-4.345,train
Clc1cc(Cl)c(c(Cl)c1)c2c(Cl)cc(Cl)cc2Cl ,-8.71,train
CN(C)c1nc(nc(n1)N(C)C)N(C)C,-3.364,train
CC(C)CC(C)(C)O,-0.92,train
O=C2NC(=O)C1(CCCCCC1)C(=O)N2 ,-3.168,train
OCC1OC(O)(CO)C(O)C1O,0.64,train
Cc1cc(C)cc(O)c1,-1.4,train
ClCC#CCOC(=O)Nc1cccc(Cl)c1,-4.37,train
CC(=O)Nc1ccc(Cl)cc1,-2.843,train
Clc1ccc(Cl)c(c1)c2c(Cl)c(Cl)c(Cl)c(Cl)c2Cl,-8.94,train
CCC(C)(C)C,-3.55,train
CNc1ccccc1,-1.28,train
C=CCC=C,-2.09,train
CC(=O)OCC(=O)C1(O)CCC2C3CCC4=CC(=O)CCC4(C)C3C(O)CC21C,-4.88,train
Cc1cc(cc(N(=O)=O)c1O)N(=O)=O,-1.456,train
OC3N=C(c1ccccc1Cl)c2cc(Cl)ccc2NC3=O,-3.604,train
Oc1cccc(Cl)c1,-0.7,train
Clc1cccc(Br)c1,-3.21,train
NS(=O)(=O)c2cc1c(N=CNS1(=O)=O)cc2Cl ,-3.05,train
O=C1NC(=O)NC(=O)C1(C)CC,-1.228,train
OCCOc1ccccc1,-0.7,train
C(c1ccccc1)c2ccccc2,-4.08,train
CCCCCC(O)CC,-1.98,train
CCN(Cc1c(F)cccc1Cl)c2c(cc(cc2N(=O)=O)C(F)(F)F)N(=O)=O,-6.78,train
CC(C)Nc1nc(Cl)nc(NC(C)C)n1,-4.43,train
CCCC(C)CO,-1.11,train
CCCCC(C)(C)O,-1.08,train
CCc1ccccc1,-2.77,train
O=C1NC(=O)NC(=O)C1(CC)CC=C(C)C,-2.253,train
ClC1C=CC2C1C3(Cl)C(=C(Cl)C2(Cl)C3(Cl)Cl)Cl,-6.317,train
CCC(C)C1(CC(Br)=C)C(=O)NC(=O)NC1=O ,-2.647,train
CC1(C)C(C(=O)OC(C#N)c2cccc(Oc3ccccc3)c2)C1(C)C,-6.025,train
COC(C)(C)CCCC(C)CC=CC(C)=CC(=O)OC(C)C,-5.19,train
CCOC(=O)CC,-0.66,test
CSc1nc(NC(C)C)nc(NC(C)C)n1,-4.1,test
CC(C#C)N(C)C(=O)Nc1ccc(Cl)cc1,-3.9,test
Cc1cc2ccccc2cc1C,-4.72,test
Clc1ccc(cc1)c2cc(Cl)ccc2Cl ,-6.25,test
Clc1ccc(c(Cl)c1)c2cc(Cl)c(Cl)c(Cl)c2Cl ,-7.39,test
NC(N)=NC#N ,-0.31,test
ClC(Cl)(Cl)N(=O)=O,-2,test
Clc1cccc(Cl)c1c2ccccc2 ,-5.21,test
COc1ccc(C=O)cc1,-1.49,test
CC(=O)Nc1ccc(cc1)N(=O)=O,-2.692,test
CCCCCCC(=O)OCC,-2.74,test
CC(=O)Nc1ccc(O)cc1,-1.03,test
c2ccc1[nH]ncc1c2 ,-2.16,test
CC5(C)OC4CC3C2CCC1=CC(=O)C=CC1(C)C2(F)C(O)CC3(C)C4(O5)C(=O)CO ,-4.31,test
Nc2nc1[nH]cnc1c(=O)[nH]2 ,-3.583,test
COC(=O)C,0.46,test
CC34CCC1C(CCC2CC(=O)CCC12C)C3CCC4O ,-4.743,test
CCCC(O)C=C,-0.59,test
OC(C1=CC2C5C(C1C2=C(c3ccccc3)c4ccccn4)C(=O)NC5=O)(c6ccccc6)c7ccccn7 ,-3.931,test
CCCCOCCCC,-1.85,test
CCCCCCCCCCCCO,-4.8,test
CCN2c1nc(N(C)(CCO))ccc1NC(=O)c3cccnc23 ,-3.36,test
CCCC(C)(C)O,-0.49,test
Nc1nc(=O)[nH]cc1F,-0.972,test
CCCCOc1ccc(C(=O)OCC)c(c1)N(CC)CC ,-3.84,test
CCCCCC(C)(C)O,-1.72,test
Cc1c(C)c(C)c(C)c(C)c1C,-5.23,test
CC(C)c1ccc(C)cc1O,-2.22,test
c2cnc1ncncc1n2,0.02,test
CCOP(=S)(OCC)Oc1ccc(cc1)N(=O)=O,-4.66,test
C,-0.9,test
c2ccc1NCCc1c2 ,-1.04,test
O=N(=O)c1cccc2ccccc12,-3.54,test
CCC(C)C(=O)C,-0.67,test
Nc1nc(O)nc2nc[nH]c12 ,-3.401,test
OC(CC(c1ccccc1)c3c(O)c2ccccc2oc3=O)c4ccc(cc4)c5ccc(Br)cc5 ,-4.445,test
CN(=O)=O,0.26,test
CC(C)N(C(C)C)C(=O)SCC(Cl)=C(Cl)Cl,-4.88,test
C=CCCC=C,-2.68,test
c2ccc1[nH]ccc1c2,-1.52,test
CC34CCC1C(CCC2=CC(=O)CCC12C)C3CCC4=O,-3.69,test
CCCCC=C,-3.23,test
Cc1cccc(C)c1NC(=O)c2cc(c(Cl)cc2O)S(N)(=O)=O,-3.79,test
CCC1CCCCC1,-4.25,test
CCCCCCCC(=O)C,-2.58,test
COC(=O)Nc2nc1ccc(cc1[nH]2)C(=O)c3ccccc3,-3.88,test
CC(C)OC(=O)Nc1cccc(Cl)c1,-3.38,test
CCN2c1nc(Cl)ccc1N(C)C(=O)c3cccnc23 ,-4.114,test
CNC(=O)Oc1cccc2ccccc12,-3.224,test
C#C,0.29,test
Cc1cncc(C)c1,0.38,test
C1C=CCC=C1,-2.06,test
CCOC(=O)N(C)C(=O)CSP(=S)(OCC)OCC,-2.518,test
CC(O)c1ccccc1,-0.92,test
CC(Cl)CCl,-1.6,test
CCCC=C(CC)C=O,-2.46,test
CCOP(=S)(OCC)SCCSCC,-4.23,test
CC(=O)OC3(C)CCC4C2CCC1=CC(=O)CCC1(C)C2CCC34C ,-5.284,test
Clc1ccc(cc1)c2c(Cl)cccc2Cl ,-6.14,test
Fc1cccc(F)c1C(=O)NC(=O)Nc2ccc(Cl)cc2,-6.02,test
Oc1cc(Cl)ccc1Oc2ccc(Cl)cc2Cl,-4.46,test
c1(C(=O)OCCCCCC(C)(C))c(C(=O)OCCCCCC(C)(C))cccc1,-6.637,test
CC12CC(O)C3C(CCC4=CC(=O)CCC34C)C2CCC1C(=O)CO,-3.24,test
Cc1cc(C)cc(C)c1,-3.4,test
CCCCCCCCOC(=O)c1ccccc1C(=O)OCCCCCCCC ,-5.115,test
CCCCCCCCCCCCCCCO,-6.35,test
Clc1cccc(Cl)c1c2c(Cl)cccc2Cl ,-7.39,test
O=C1NC(=O)NC(=O)C1(C)C,-1.742,test
CC(C)I,-2.09,test
O=N(=O)c1ccccc1N(=O)=O,-3.1,test
CC(C)C(=O)C,-0.12,test
CCCCCCCCCCCCCCCC,-8.4,test
CC12CCC(CC1)C(C)(C)O2,-1.74,test
Cc2cccc3sc1nncn1c23 ,-2.07,test
CCCCCCC(=O)C,-2.05,test
CCCCCCCCC(=O)OC,-3.38,test
Fc1ccc(F)cc1,-1.97,test
O=C1N(C2CCC(=O)NC2=O)C(=O)c3ccccc13,-2.676,test
CCCN(CCC)c1c(cc(cc1N(=O)=O)C(F)(F)F)N(=O)=O,-5.68,test
CCO,1.1,test
O=C2NC(=O)C1(CCCC1)C(=O)N2,-2.349,test
c1c(NC(=O)OC(C)C(=O)NCC)cccc1,-1.83,test
CC(C)=CC3C(C(=O)OCc2cccc(Oc1ccccc1)c2)C3(C)C ,-5.24,test
CN(C)C(=O)NC1CCCCCCC1,-2.218,test
ClC1(C2(Cl)C3(Cl)C4(Cl)C5(Cl)C1(Cl)C3(Cl)Cl)C5(Cl)C(Cl)(Cl)C24Cl,-6.8,test
CCCCCCCCBr,-5.06,test
CCCCNC(=O)n1c(NC(=O)OC)nc2ccccc12,-4.883,test
CN(C)c2c(C)n(C)n(c1ccccc1)c2=O ,-0.364,test
CCC(O)CC,-0.24,test
Cc1ccc(cc1)N(=O)=O,-2.49,test
CC(C)CCCO,-1.14,test
CC34CCC1C(CCC2=CC(=O)CCC12O)C3CCC4(O)C#C,-4.57,test
CC(C)OC(=O)C(O)(c1ccc(Br)cc1)c2ccc(Br)cc2 ,-4.93,test
Nc2cnn(c1ccccc1)c(=O)c2Cl,-2.878,test
CCC(C)(C)O,0.15,test
Cc1ccc(O)cc1,-0.73,test
CCOC=O,0.15,test
CN(C)c1ccccc1,-1.92,test
C1CCC2CCCCC2C1,-5.19,test
CCCCS,-2.18,test
c1ccc2c(c1)c3cccc4ccc5cccc2c5c43,-7.8,test
ClC(=C(Cl)Cl)Cl,-2.54,test
CCC(=O)CC,-0.28,test
C=CC#N,0.15,test
CC1CC2C3CC(F)C4=CC(=O)C=CC4(C)C3(F)C(O)CC2(C)C1(O)C(=O)CO,-5.613,test
CCCCC(=O)C,-0.8,test
CCNc1nc(NC(C)(C)C)nc(OC)n1,-3.239,test
CCCCC(C)CC,-5.16,test
BrCCBr,-1.68,test
CNC(=O)Oc1ccccc1C(C)C,-2.863,test
O=C1NCCN1c2ncc(s2)N(=O)=O,-3.22,test
C1c2ccccc2c3ccc4ccccc4c13,-6.68,test
COc1ccccc1Cl,-2.46,valid
COP(=S)(OC)Oc1cc(Cl)c(Br)cc1Cl,-6.09,valid
ClC(Cl)CC(=O)NC2=C(Cl)C(=O)c1ccccc1C2=O,-5.03,valid
ClC(Cl)C(c1ccc(Cl)cc1)c2ccc(Cl)cc2 ,-7.2,valid
COC(=O)C=C,-0.22,valid
CN(C)C(=O)Nc2ccc(Oc1ccc(Cl)cc1)cc2,-4.89,valid
N(=Nc1ccccc1)c2ccccc2,-4.45,valid
CC(C)c1ccc(C)cc1,-3.77,valid
Oc1c(Cl)cccc1Cl,-1.79,valid
OCC2OC(OC1(CO)OC(CO)C(O)C1O)C(O)C(O)C2O ,0.79,valid
OC1C(O)C(O)C(O)C(O)C1O,0.35,valid
Cn2c(=O)n(C)c1ncn(CC(O)CO)c1c2=O,-0.17,valid
OCC(NC(=O)C(Cl)Cl)C(O)c1ccc(cc1)N(=O)=O,-2.111,valid
CCC(O)(CC)CC,-0.85,valid
CC45CCC2C(CCC3CC1SC1CC23C)C4CCC5O,-5.41,valid
Brc1ccccc1Br,-3.5,valid
Oc1c(Cl)cc(Cl)cc1Cl,-2.34,valid
CCCN(CCC)c1c(cc(cc1N(=O)=O)S(N)(=O)=O)N(=O)=O,-5.16,valid
C2c1ccccc1N(CCF)C(=O)c3ccccc23 ,-4.799,valid
CC(C)C(=O)C(C)C,-1.3,valid
O=C1NC(=O)NC(=O)C1(C(C)C)CC=C(C)C,-2.593,valid
c1c(O)C2C(=O)C3cc(O)ccC3OC2cc1(OC),-2.943,valid
Cn1cnc2n(C)c(=O)n(C)c(=O)c12,-0.876,valid
CC(=O)SC4CC1=CC(=O)CCC1(C)C5CCC2(C)C(CCC23CCC(=O)O3)C45,-4.173,valid
Cc1ccc(O)cc1C,-1.38,valid
O(c1ccccc1)c2ccccc2,-3.96,valid
Clc1cc(Cl)c(cc1Cl)c2cc(Cl)c(Cl)cc2Cl ,-8.56,valid
NC(=O)c1cccnc1 ,0.61,valid
Sc1ccccc1,-2.12,valid
CNC(=O)Oc1cc(C)cc(C)c1,-2.581,valid
ClC1CC2C(C1Cl)C3(Cl)C(=C(Cl)C2(Cl)C3(Cl)Cl)Cl,-6.86,valid
CSSC,-1.44,valid
NC(=O)c1ccccc1,-0.96,valid
Clc1ccccc1Br,-3.19,valid
COC(=O)c1ccccc1OC2OC(COC3OCC(O)C(O)C3O)C(O)C(O)C2O,-0.742,valid
CCCCC(O)CC,-1.47,valid
CCN2c1nc(C)cc(C)c1NC(=O)c3cccnc23 ,-4.554,valid
Oc1cc(Cl)cc(Cl)c1,-1.34,valid
Cc1cccc2c1ccc3ccccc32,-5.85,valid
CCCCC(CC)CO,-2.11,valid
CC(C)N(C(C)C)C(=O)SCC(=CCl)Cl,-4.286,valid
Cc1ccccc1,-2.21,valid
Clc1cccc(n1)C(Cl)(Cl)Cl,-3.76,valid
C1CCC=CCC1,-3.18,valid
CN(C)C(=S)SSC(=S)N(C)C ,-3.9,valid
COC1=CC(=O)CC(C)C13Oc2c(Cl)c(OC)cc(OC)c2C3=O,-3.246,valid
CCCCCCCCCCO,-3.63,valid
CCC(C)(C)CC,-4.23,valid
CNC(=O)C(C)SCCSP(=O)(OC)(OC),1.144,valid
Oc1cc(Cl)c(Cl)c(Cl)c1Cl,-3.15,valid
CCCC=O,-0.01,valid
CC4CC3C2CCC1=CC(=O)C=CC1(C)C2(F)C(O)CC3(C)C4(O)C(=O)COC(C)=O ,-4.9,valid
CCCC,-2.57,valid
COc1ccccc1O,-1.96,valid
CC1CC2C3CCC(O)(C(=O)C)C3(C)CC(O)C2(F)C4(C)C=CC(=O)C=C14,-4.099,valid
ClC(Cl)C(Cl)(Cl)Cl,-2.6,valid
CCOC(=O)c1ccccc1C(=O)OCC,-2.35,valid
CC(C)CO,0.1,valid
CC(C)Cc1ccccc1,-4.12,valid
ICI,-2.34,valid
CCCC(O)CCC,-1.4,valid
CCCCCOC(=O)C,-1.89,valid
Oc1c(Cl)c(Cl)cc(Cl)c1Cl,-3.37,valid
CCCc1ccccc1,-3.37,valid
FC(F)(Cl)C(F)(F)Cl,-2.74,valid
CC=CC=O,0.32,valid
CN(C)C(=O)N(C)C ,0.94,valid
Cc1cc(C)c(C)cc1C,-4.59,valid
CC(=O)OC3(CCC4C2CCC1=CC(=O)CCC1C2CCC34C)C#C,-4.8,valid
CCOP(=S)(OCC)N2C(=O)c1ccccc1C2=O,-3.35,valid
c1ccccc1NC(=O)c2c(O)cccc2,-3.59,valid
CCN(CC)C(=S)SCC(Cl)=C,-3.39,valid
ClCC,-1.06,valid
CC(=O)Nc1cc(NS(=O)(=O)C(F)(F)F)c(C)cc1C,-3.24,valid
O=C(C=CC=Cc2ccc1OCOc1c2)N3CCCCC3,-3.46,valid
CC/C=C\C,-2.54,valid
CNC(=O)ON=C(CSC)C(C)(C)C ,-1.62,valid
O=C2NC(=O)C1(CCCCCCC1)C(=O)N2,-2.982,valid
c1(C(C)(C)C)cc(C(C)(C)C)cc(OC(=O)NC)c1,-4.24,valid
Oc2cc(O)c1C(=O)CC(Oc1c2)c3ccc(O)c(O)c3,-3.62,valid
O=C(c1ccccc1)c2ccccc2,-3.12,valid
CCCCCCCCCCCCCCCCCCCC,-8.172,valid
N(Nc1ccccc1)c2ccccc2 ,-2.92,valid
CCC(CC)CO,-1.17,valid
Oc1ccncc1,1.02,valid
Cl\C=C/Cl,-1.3,valid
CC1CCCC1,-3.3,valid
CC(C)CC(C)O,-0.8,valid
O2c1ccc(N)cc1N(C)C(=O)c3cc(C)ccc23 ,-3.928,valid
CC(C)(C)CO,-0.4,valid
CC(C)(C)C(=O)C(Oc1ccc(Cl)cc1)n2cncn2,-3.61,valid
Cc1cc(no1)C(=O)NNCc2ccccc2,-2.461,valid
CC=C,-1.08,valid
Oc1ccc(Cl)cc1Cc2cc(Cl)ccc2O,-3.953,valid
CCOC(=O)Nc2cccc(OC(=O)Nc1ccccc1)c2 ,-4.632,valid
O=C1c2ccccc2C(=O)c3ccccc13,-5.19,valid
CCCCCCC(C)O,-2.09,valid
CC1=C(C(=O)Nc2ccccc2)S(=O)(=O)CCO1,-2.281,valid
CCCCc1ccccc1,-4.06,valid
O=C1NC(=O)C(=O)N1 ,-0.4,valid
COP(=S)(OC)Oc1ccc(Sc2ccc(OP(=S)(OC)OC)cc2)cc1,-6.237,valid
NS(=O)(=O)c1cc(ccc1Cl)C2(O)NC(=O)c3ccccc23,-3.451,valid
CC(C)COC(=O)C,-1.21,valid
CC(C)C(C)(C)C,-4.36,valid
Clc1ccc(c(Cl)c1Cl)c2c(Cl)cc(Cl)c(Cl)c2Cl ,-7.66,valid
N#Cc1ccccc1C#N,-2.38,valid
Cc1cccc(c1)N(=O)=O,-2.44,valid
FC(F)(F)C(Cl)Br ,-1.71,valid
CNC(=O)ON=C(SC)C(=O)N(C)C,0.106,valid
CCSCCSP(=S)(OC)OC,-3.091,valid
CCC(C)C,-3.18,valid
COP(=O)(OC)OC(=CCl)c1cc(Cl)c(Cl)cc1Cl,-4.522,valid
